{"cameraMode":{"drawMode":0,"name":"Shaded","section":"Shading Mode"},"sceneLighting":true,"audioPlay":false,"sceneViewState":{"showFog":true,"showMaterialUpdate":false,"showSkybox":true,"showFlares":true,"showImageEffects":true,"showParticleSystems":true},"in2DMode":false,"pivot":{"x":-46.15336227416992,"y":-1.805216908454895,"z":52.548133850097659},"rotation":{"x":-0.07778280228376389,"y":0.4991888105869293,"z":-0.045051269233226779,"w":-0.8618183135986328},"size":127.90625,"orthographic":false}