{"cameraMode":{"drawMode":0,"name":"Shaded","section":"Shading Mode"},"sceneLighting":true,"audioPlay":false,"sceneViewState":{"showFog":true,"showMaterialUpdate":false,"showSkybox":true,"showFlares":true,"showImageEffects":true,"showParticleSystems":true},"in2DMode":false,"pivot":{"x":424.571044921875,"y":334.556640625,"z":157.9600830078125},"rotation":{"x":-0.12926997244358064,"y":-0.009816629812121392,"z":0.001280797179788351,"w":-0.9915600419044495},"size":820.041015625,"orthographic":false}